<measure>
  <schema_version>3.0</schema_version>
  <name>occupancy_simulator</name>
  <uid>dff4c6be-e84f-4340-b948-ea389d5cd8f2</uid>
  <version_id>82ffc55c-97f7-4ccb-b85b-c5c66a87421b</version_id>
  <version_modified>20190110T230545Z</version_modified>
  <xml_checksum>890F5164</xml_checksum>
  <class_name>OccupancySimulator</class_name>
  <display_name>Occupancy Simulator</display_name>
  <description>Generate stochastic occupancy schedules for office rooms and conference rooms. The stochastic schedules are generated by Occupancy Simulator (https://occupancysimulator.lbl.gov/).</description>
  <modeler_description>The default space types in the measure inputs are automatically filled by the spaces' standard space types. User can overwrite the default assumptions in the library.csv file in the measure's resources folder.</modeler_description>
  <arguments/>
  <outputs/>
  <provenances/>
  <tags>
    <tag>People.People Schedules</tag>
  </tags>
  <attributes>
    <attribute>
      <name>Measure Type</name>
      <value>ModelMeasure</value>
      <datatype>string</datatype>
    </attribute>
    <attribute>
      <name>Intended Software Tool</name>
      <value>Apply Measure Now</value>
      <datatype>string</datatype>
    </attribute>
    <attribute>
      <name>Intended Software Tool</name>
      <value>OpenStudio Application</value>
      <datatype>string</datatype>
    </attribute>
    <attribute>
      <name>Intended Software Tool</name>
      <value>Parametric Analysis Tool</value>
      <datatype>string</datatype>
    </attribute>
  </attributes>
  <files>
    <file>
      <filename>UserLibrary.rb</filename>
      <filetype>rb</filetype>
      <usage_type>resource</usage_type>
      <checksum>C1D867D0</checksum>
    </file>
    <file>
      <filename>obFMU.exe</filename>
      <filetype>exe</filetype>
      <usage_type>resource</usage_type>
      <checksum>E658D50D</checksum>
    </file>
    <file>
      <filename>library.csv</filename>
      <filetype>csv</filetype>
      <usage_type>resource</usage_type>
      <checksum>27606D03</checksum>
    </file>
    <file>
      <version>
        <software_program>OpenStudio</software_program>
        <identifier>2.4.0</identifier>
        <min_compatible>2.4.0</min_compatible>
      </version>
      <filename>measure.rb</filename>
      <filetype>rb</filetype>
      <usage_type>script</usage_type>
      <checksum>6A0CC5CF</checksum>
    </file>
    <file>
      <filename>test_model.idf</filename>
      <filetype>idf</filetype>
      <usage_type>test</usage_type>
      <checksum>2E625EFA</checksum>
    </file>
    <file>
      <filename>test.rb</filename>
      <filetype>rb</filetype>
      <usage_type>test</usage_type>
      <checksum>99F1CA84</checksum>
    </file>
    <file>
      <filename>test_model.osm</filename>
      <filetype>osm</filetype>
      <usage_type>test</usage_type>
      <checksum>27B2F991</checksum>
    </file>
    <file>
      <filename>test_model.epw</filename>
      <filetype>epw</filetype>
      <usage_type>test</usage_type>
      <checksum>7D992F19</checksum>
    </file>
  </files>
</measure>
